{
  "1to5": {
    "strategy": "joint",
    "weights": [
      0.8488178225963345,
      0.15118217740366544
    ],
    "learners": [
      "chronos",
      "nb_ingarch_aq"
    ],
    "mse_mean": 0.0734325644026808,
    "mse_joint": 0.07342700307269952
  },
  "6to10": {
    "strategy": "joint",
    "weights": [
      0.9806986402435716,
      0.019301359756428292
    ],
    "learners": [
      "chronos",
      "nb_ingarch_aq"
    ],
    "mse_mean": 0.07550303602239752,
    "mse_joint": 0.07550124848187593
  },
  "per_horizon": {
    "1": [
      0.8523222260642019,
      0.14767777393579803
    ],
    "2": [
      0.7629242628202277,
      0.2370757371797723
    ],
    "3": [
      0.7431220862472219,
      0.256877913752778
    ],
    "4": [
      0.8670142318710437,
      0.13298576812895646
    ],
    "5": [
      0.9693248720905001,
      0.030675127909500017
    ],
    "6": [
      1.0,
      0.0
    ],
    "7": [
      1.0,
      0.0
    ],
    "8": [
      0.9826955955183307,
      0.017304404481669304
    ],
    "9": [
      0.9438839449982381,
      0.05611605500176175
    ],
    "10": [
      0.9549019067027633,
      0.045098093297236554
    ]
  },
  "per_horizon_learners": [
    "chronos",
    "nb_ingarch_aq"
  ]
}