{
  "alpha": 10.0,
  "lambdas": [
    {
      "lambda": 0.0,
      "prizes": {
        "1to5": {
          "val_all": 0.07342700307269952,
          "val_all_delta": 0.0,
          "val_jan": 0.1000084698432105,
          "val_jan_delta": 0.0,
          "test_all": 0.12619324847504562,
          "test_all_delta": 0.0
        },
        "6to10": {
          "val_all": 0.07550124848187593,
          "val_all_delta": 0.0,
          "val_jan": 0.10538786172623679,
          "val_jan_delta": 0.0,
          "test_all": 0.14518356576920152,
          "test_all_delta": 0.0
        }
      }
    },
    {
      "lambda": 0.1,
      "prizes": {
        "1to5": {
          "val_all": 0.07147865525174286,
          "val_all_delta": -2.653448648895024,
          "val_jan": 0.09594305212662034,
          "val_jan_delta": -4.06507341124584,
          "test_all": 0.12398691508169317,
          "test_all_delta": -1.7483767317304215
        },
        "6to10": {
          "val_all": 0.07307058536100432,
          "val_all_delta": -3.2193681160849916,
          "val_jan": 0.10240038434099895,
          "val_jan_delta": -2.8347452318544364,
          "test_all": 0.14247134653797736,
          "test_all_delta": -1.8681310221680218
        }
      }
    },
    {
      "lambda": 0.2,
      "prizes": {
        "1to5": {
          "val_all": 0.06971602354484925,
          "val_all_delta": -5.053971117650074,
          "val_jan": 0.09218320121712932,
          "val_jan_delta": -7.824605894230102,
          "test_all": 0.12203638854463474,
          "test_all_delta": -3.294043049563697
        },
        "6to10": {
          "val_all": 0.07087372617344927,
          "val_all_delta": -6.129067269049868,
          "val_jan": 0.09961478043618495,
          "val_jan_delta": -5.477937587393527,
          "test_all": 0.14006620412715876,
          "test_all_delta": -3.524752691484271
        }
      }
    },
    {
      "lambda": 0.3,
      "prizes": {
        "1to5": {
          "val_all": 0.06813910795201865,
          "val_all_delta": -7.201567406265191,
          "val_jan": 0.08872891711473745,
          "val_jan_delta": -11.278597448952787,
          "test_all": 0.12034166886387034,
          "test_all_delta": -4.636998953499815
        },
        "6to10": {
          "val_all": 0.06891067091921078,
          "val_all_delta": -8.729097458894627,
          "val_jan": 0.09703105001179485,
          "val_jan_delta": -7.929577066617223,
          "test_all": 0.1379681385367458,
          "test_all_delta": -4.969865007948689
        }
      }
    },
    {
      "lambda": 0.4,
      "prizes": {
        "1to5": {
          "val_all": 0.0667479084732511,
          "val_all_delta": -9.096237514740316,
          "val_jan": 0.08558019981944473,
          "val_jan_delta": -14.42704807541388,
          "test_all": 0.11890275603939997,
          "test_all_delta": -5.777244443538776
        },
        "6to10": {
          "val_all": 0.06718141959828886,
          "val_all_delta": -11.01945868561929,
          "val_jan": 0.09464919306782858,
          "val_jan_delta": -10.189663669525585,
          "test_all": 0.13617714976673836,
          "test_all_delta": -6.203467971561373
        }
      }
    },
    {
      "lambda": 0.5,
      "prizes": {
        "1to5": {
          "val_all": 0.06554242510854656,
          "val_all_delta": -10.737981443075507,
          "val_jan": 0.08273704933125113,
          "val_jan_delta": -17.269957773613427,
          "test_all": 0.11771965007122366,
          "test_all_delta": -6.714779519680556
        },
        "6to10": {
          "val_all": 0.06568597221068348,
          "val_all_delta": -13.000150949223855,
          "val_jan": 0.09246920960428616,
          "val_jan_delta": -12.258197396118604,
          "test_all": 0.13469323781713657,
          "test_all_delta": -7.225561582322227
        }
      }
    },
    {
      "lambda": 0.6,
      "prizes": {
        "1to5": {
          "val_all": 0.06452265785790506,
          "val_all_delta": -12.126799191270724,
          "val_jan": 0.08019946565015672,
          "val_jan_delta": -19.807326543551355,
          "test_all": 0.11679235095934136,
          "test_all_delta": -7.449604181925204
        },
        "6to10": {
          "val_all": 0.06442432875639469,
          "val_all_delta": -14.671174249708285,
          "val_jan": 0.0904910996211676,
          "val_jan_delta": -14.135178246396263,
          "test_all": 0.13351640268794038,
          "test_all_delta": -8.036145840231288
        }
      }
    },
    {
      "lambda": 0.7,
      "prizes": {
        "1to5": {
          "val_all": 0.06368860672132658,
          "val_all_delta": -13.262690759326007,
          "val_jan": 0.07796744877616142,
          "val_jan_delta": -22.039154385227732,
          "test_all": 0.1161208587037531,
          "test_all_delta": -7.981718430272683
        },
        "6to10": {
          "val_all": 0.06339648923542246,
          "val_all_delta": -16.032528587072598,
          "val_jan": 0.08871486311847292,
          "val_jan_delta": -15.82060622035854,
          "test_all": 0.13264664437914978,
          "test_all_delta": -8.635220745288558
        }
      }
    },
    {
      "lambda": 0.8,
      "prizes": {
        "1to5": {
          "val_all": 0.06304027169881113,
          "val_all_delta": -14.145656147241315,
          "val_jan": 0.07604099870926528,
          "val_jan_delta": -23.96544129864252,
          "test_all": 0.1157051733044589,
          "test_all_delta": -8.311122264722993
        },
        "6to10": {
          "val_all": 0.06260245364776679,
          "val_all_delta": -17.084213961316816,
          "val_jan": 0.08714050009620207,
          "val_jan_delta": -17.314481318005484,
          "test_all": 0.13208396289076474,
          "test_all_delta": -9.022786297494054
        }
      }
    },
    {
      "lambda": 0.9,
      "prizes": {
        "1to5": {
          "val_all": 0.0625776527903587,
          "val_all_delta": -14.775695355016671,
          "val_jan": 0.07442011544946828,
          "val_jan_delta": -25.58618728379574,
          "test_all": 0.11554529476145872,
          "test_all_delta": -8.437815685276146
        },
        "6to10": {
          "val_all": 0.06204222199342769,
          "val_all_delta": -17.826230372440904,
          "val_jan": 0.08576801055435508,
          "val_jan_delta": -18.616803539337074,
          "test_all": 0.13182835822278532,
          "test_all_delta": -9.198842496847739
        }
      }
    },
    {
      "lambda": 1.0,
      "prizes": {
        "1to5": {
          "val_all": 0.062300749995969316,
          "val_all_delta": -15.152808382652063,
          "val_jan": 0.07310479899677043,
          "val_jan_delta": -26.901392340687373,
          "test_all": 0.1156412230747526,
          "test_all_delta": -8.36179869193213
        },
        "6to10": {
          "val_all": 0.06171579427240514,
          "val_all_delta": -18.258577820444906,
          "val_jan": 0.08459739449293194,
          "val_jan_delta": -19.727572884353314,
          "test_all": 0.13187983037521148,
          "test_all_delta": -9.163389343349653
        }
      }
    },
    {
      "lambda": 1.2,
      "prizes": {
        "1to5": {
          "val_all": 0.062304092749379605,
          "val_all_delta": -15.148255897502999,
          "val_jan": 0.07139086651267218,
          "val_jan_delta": -28.615179669685897,
          "test_all": 0.11660050027022242,
          "test_all_delta": -7.601633463552639
        },
        "6to10": {
          "val_all": 0.061764350630309765,
          "val_all_delta": -18.19426582709253,
          "val_jan": 0.08286178281135725,
          "val_jan_delta": -21.3744529454397,
          "test_all": 0.1329040051412806,
          "test_all_delta": -8.457954977798082
        }
      }
    }
  ],
  "baseline": {
    "1to5": {
      "val_all": 0.07342700307269952,
      "val_jan": 0.1000084698432105,
      "test_all": 0.12619324847504562
    },